INSERT INTO users (user_name, like_travel_place, phone_num)
VALUES
  ('홍길동', '파리', '+82 10-1234-5678'),
  ('김영희', '런던', '+82 10-9876-5432'),
  ('이철수', '뉴욕', '+82 2-1111-2222'),
  ('박영미', '바르셀로나', '+82 2-5555-5555'),
  ('정재영', '도쿄', '+82 51-1234-5678'),
  ('이수진', '시드니', '+82 51-8765-4321'),
  ('김동현', '베니스', '+82 2-1111-1111'),
  ('최민지', '런던', '+82 2-2222-2222'),
  ('오영호', '파리', '+82 10-1234-5678'),
  ('윤지우', '시드니', '+82 10-9876-5432'),
  ('박서준', '도쿄', '+82 2-1111-2222'),
  ('강민지', '로마', '+82 2-5555-5555'),
  ('한민수', '베를린', '+82 51-1234-5678'),
  ('조현아', '바르셀로나', '+82 51-8765-4321'),
  ('송진우', '방콕', '+82 10-1111-2222'),
  ('임예진', '시드니', '+82 10-9876-5432'),
  ('장영준', '도쿄', '+82 2-1111-2222'),
  ('신지민', '로스앤젤레스', '+82 2-5555-5555'),
  ('임도현', '런던', '+82 51-1234-5678'),
  ('김서연', '파리', '+82 51-8765-4321');

INSERT INTO passenger (user_id, passport_num)
VALUES
  (1, 'AB123456'),
  (2, 'CD789012'),
  (3, 'EF345678'),
  (4, 'GH901234'),
  (5, 'IJ567890'),
  (6, 'KL234567'),
  (7, 'MN890123'),
  (8, 'OP456789'),
  (9, 'QR012345'),
  (10, 'ST678901'),
  (11, 'UV234567'),
  (12, 'WX890123'),
  (13, 'YZ456789'),
  (14, 'AB012345'),
  (15, 'CD678901'),
  (16, 'EF234567'),
  (17, 'GH890123'),
  (18, 'IJ456789'),
  (19, 'KL012345'),
  (20, 'MN678901');

INSERT INTO airline_ticket (ticket_type, departure_loc, arrival_loc, departure_at, return_at, tax, total_price)
VALUES
  ('편도', '서울', '파리', '2023-07-20 10:00:00', NULL, 100000, 120000),
  ('왕복', '서울', '런던', '2023-08-15 15:30:00', '2023-08-30 12:00:00', 150000, 280000),
  ('편도', '서울', '뉴욕', '2023-09-10 08:45:00', NULL, 120000, 135000),
  ('왕복', '서울', '바르셀로나', '2023-08-05 17:20:00', '2023-08-20 19:10:00', 180000, 310000),
  ('편도', '서울', '도쿄', '2023-09-25 22:00:00', NULL, 90000, 105000),
  ('왕복', '서울', '시드니', '2023-08-12 09:40:00', '2023-08-27 17:30:00', 130000, 250000),
  ('편도', '서울', '베니스', '2023-09-15 13:15:00', NULL, 110000, 130000),
  ('왕복', '서울', '파리', '2023-07-28 14:50:00', '2023-08-12 10:30:00', 200000, 350000),
  ('편도', '서울', '시드니', '2023-09-02 21:00:00', NULL, 80000, 95000),
  ('왕복', '서울', '로마', '2023-08-19 11:10:00', '2023-09-02 20:45:00', 170000, 290000),
  ('편도', '서울', '베를린', '2023-07-15 16:30:00', NULL, 95000, 110000),
  ('왕복', '서울', '로스앤젤레스', '2023-09-08 10:00:00', '2023-09-22 14:20:00', 190000, 330000),
  ('편도', '서울', '파리', '2023-08-22 18:00:00', NULL, 105000, 125000),
  ('왕복', '서울', '도쿄', '2023-07-30 09:15:00', '2023-08-14 14:50:00', 140000, 260000),
  ('편도', '서울', '시드니', '2023-09-12 22:30:00', NULL, 85000, 100000),
  ('왕복', '서울', '바르셀로나', '2023-08-25 12:20:00', '2023-09-08 08:45:00', 160000, 270000),
  ('편도', '서울', '도쿄', '2023-09-05 07:40:00', NULL, 115000, 140000),
  ('왕복', '서울', '런던', '2023-08-01 13:40:00', '2023-08-16 19:30:00', 175000, 300000),
  ('편도', '서울', '시드니', '2023-07-18 19:00:00', NULL, 90000, 105000),
  ('왕복', '서울', '방콕', '2023-09-18 16:00:00', '2023-10-03 22:00:00', 220000, 390000),
  ('편도', '서울', '런던', '2023-08-09 10:30:00', NULL, 100000, 120000);

INSERT INTO reservation (passenger_id, airline_ticket_id, reservation_status, reserve_at)
VALUES
  (1, 1, '확정', '2023-07-17 09:00:00'),
  (2, 2, '확정', '2023-07-18 10:30:00'),
  (3, 3, '확정', '2023-07-19 14:15:00'),
  (4, 4, '확정', '2023-07-20 15:30:00'),
  (5, 5, '확정', '2023-07-21 18:45:00'),
  (6, 6, '대기', '2023-07-22 11:00:00'),
  (7, 7, '대기', '2023-07-23 12:30:00'),
  (8, 8, '대기', '2023-07-24 16:00:00'),
  (9, 9, '대기', '2023-07-25 10:00:00'),
  (10, 10, '대기', '2023-07-26 14:45:00');

INSERT INTO payment (passenger_id, reservation_id)
VALUES
  (1, 1),
  (2, 2),
  (3, 3),
  (4, 4),
  (5, 5);
  
INSERT INTO flight (ticket_id, departure_at, arrival_at, departure_loc, arrival_loc, flight_price, charge)
VALUES
  (1, '2023-07-20 10:00:00', NULL, '서울', '파리', 80000, 20000),
  (2, '2023-08-15 15:30:00', '2023-08-30 12:00:00', '서울', '런던', 120000, 30000),
  (3, '2023-09-10 08:45:00', NULL, '서울', '뉴욕', 90000, 23000),
  (4, '2023-08-05 17:20:00', '2023-08-20 19:10:00', '서울', '바르셀로나', 150000, 35000),
  (5, '2023-09-25 22:00:00', NULL, '서울', '도쿄', 75000, 18000),
  (6, '2023-08-12 09:40:00', '2023-08-27 17:30:00', '서울', '시드니', 100000, 25000),
  (7, '2023-09-15 13:15:00', NULL, '서울', '베니스', 85000, 22000),
  (8, '2023-07-28 14:50:00', '2023-08-12 10:30:00', '서울', '파리', 140000, 32000),
  (9, '2023-09-02 21:00:00', NULL, '서울', '시드니', 70000, 18000),
  (10, '2023-08-19 11:10:00', '2023-09-02 20:45:00', '서울', '로마', 130000, 30000),
  (11, '2023-07-15 16:30:00', NULL, '서울', '베를린', 85000, 20000),
  (12, '2023-09-08 10:00:00', '2023-09-22 14:20:00', '서울', '로스앤젤레스', 160000, 38000),
  (13, '2023-08-22 18:00:00', NULL, '서울', '파리', 95000, 23000),
  (14, '2023-07-30 09:15:00', '2023-08-14 14:50:00', '서울', '도쿄', 120000, 29000),
  (15, '2023-09-12 22:30:00', NULL, '서울', '시드니', 70000, 17000),
  (16, '2023-08-25 12:20:00', '2023-09-08 08:45:00', '서울', '바르셀로나', 140000, 32000),
  (17, '2023-09-05 07:40:00', NULL, '서울', '도쿄', 90000, 22000),
  (18, '2023-08-01 13:40:00', '2023-08-16 19:30:00', '서울', '런던', 100000, 24000),
  (19, '2023-07-18 19:00:00', NULL, '서울', '시드니', 75000, 19000),
  (20, '2023-09-18 16:00:00', '2023-10-03 22:00:00', '서울', '방콕', 150000, 35000);
